,Link,Title,Intro
0,/vinfo/us/security/news/cybercrime-and-digital-threats/attack-uses-fake-google-docs-application-to-access-gmail-accounts,Attack Uses Fake Google Docs Application to Access Gmail Accounts,A new attack targeting Gmail users involves a fake Google Docs application.
1,/vinfo/us/security/news/cybercrime-and-digital-threats/attack-uses-fake-google-docs-application-to-access-gmail-accounts,Attack Uses Fake Google Docs Application to Access Gmail Accounts,A new attack targeting Gmail users involves a fake Google Docs application.
2,https://www.securityweek.com/myanmar-denies-involvement-hack-journalists-google-gmail-accounts,Myanmar Denies Involvement in Hack of Journalists' Google Gmail Accounts,The Myanmar government denies responsibility for a hack targeting both foreign and local journalists.  [Read More]
3,https://www.securityweek.com/phished-gmail-accounts-immediately-accessed-hackers,Phished Gmail Accounts Immediately Accessed by Hackers,Gmail phishing attack: cybercriminals use cleverly designed URLs and they immediately access the hacked accounts  [Read More]
4,https://www.securityweek.com/gmail-flags-unauthenticated-messages-dangerous-urls,"Gmail Flags Unauthenticated Messages, Dangerous URLs",Gmail is now alerting Android users whenever they receive a message that can’t be authenticated with either Sender Policy Framework (SPF) or DKIM.  [Read More]
5,https://www.securityweek.com/new-kedi-rat-uses-gmail-exfiltrate-data,New Kedi RAT Uses Gmail to Exfiltrate Data,Kedi RAT is a newly discovered remote access Trojan (RAT) capable of evading security scanners communicates with its command and control (C&C) server via Gmail.  [Read More]
6,https://www.securityweek.com/students-sue-google-over-gmail-account-scanning,Students Sue Google over Gmail Account Scanning,"A group of former and current students have sued Google in federal court in San Jose, California, alleging that the company scanned their Gmail accounts and gathered data for advertising purposes.  [Read More]"
7,https://www.securityweek.com/students-sue-google-over-gmail-account-scanning,Students Sue Google over Gmail Account Scanning,"A group of former and current students have sued Google in federal court in San Jose, California, alleging that the company scanned their Gmail accounts and gathered data for advertising purposes.  [Read More]"
8,https://www.securityweek.com/iran-unblocks-access-gmail,Iran Unblocks Access to Gmail,"Mohammad Reza Miri, a member of the telecommunications ministry in Iran, said a recent Gmail block was an ""involuntary"" consequence of trying to reinforce censorship of Google's YouTube video-sharing site.  [Read More]"
9,https://www.securityweek.com/iran-blocks-access-gmail,Iran Blocks Access to Gmail,Iran blocked access to Google's popular and relatively secure Gmail service Monday amid first steps by the Islamic republic to establish a walled-off national intranet separate from the worldwide Internet.  [Read More]
10,/vinfo/us/security/news/cybercrime-and-digital-threats/attack-uses-fake-google-docs-application-to-access-gmail-accounts,Attack Uses Fake Google Docs Application to Access Gmail Accounts,A new attack targeting Gmail users involves a fake Google Docs application.
11,https://www.securityweek.com/myanmar-denies-involvement-hack-journalists-google-gmail-accounts,Myanmar Denies Involvement in Hack of Journalists' Google Gmail Accounts,The Myanmar government denies responsibility for a hack targeting both foreign and local journalists.  [Read More]
12,https://www.securityweek.com/phished-gmail-accounts-immediately-accessed-hackers,Phished Gmail Accounts Immediately Accessed by Hackers,Gmail phishing attack: cybercriminals use cleverly designed URLs and they immediately access the hacked accounts  [Read More]
13,https://www.securityweek.com/gmail-flags-unauthenticated-messages-dangerous-urls,"Gmail Flags Unauthenticated Messages, Dangerous URLs",Gmail is now alerting Android users whenever they receive a message that can’t be authenticated with either Sender Policy Framework (SPF) or DKIM.  [Read More]
14,https://www.securityweek.com/new-kedi-rat-uses-gmail-exfiltrate-data,New Kedi RAT Uses Gmail to Exfiltrate Data,Kedi RAT is a newly discovered remote access Trojan (RAT) capable of evading security scanners communicates with its command and control (C&C) server via Gmail.  [Read More]
15,https://www.securityweek.com/students-sue-google-over-gmail-account-scanning,Students Sue Google over Gmail Account Scanning,"A group of former and current students have sued Google in federal court in San Jose, California, alleging that the company scanned their Gmail accounts and gathered data for advertising purposes.  [Read More]"
16,https://www.securityweek.com/students-sue-google-over-gmail-account-scanning,Students Sue Google over Gmail Account Scanning,"A group of former and current students have sued Google in federal court in San Jose, California, alleging that the company scanned their Gmail accounts and gathered data for advertising purposes.  [Read More]"
17,https://www.securityweek.com/iran-unblocks-access-gmail,Iran Unblocks Access to Gmail,"Mohammad Reza Miri, a member of the telecommunications ministry in Iran, said a recent Gmail block was an ""involuntary"" consequence of trying to reinforce censorship of Google's YouTube video-sharing site.  [Read More]"
18,https://www.securityweek.com/iran-blocks-access-gmail,Iran Blocks Access to Gmail,Iran blocked access to Google's popular and relatively secure Gmail service Monday amid first steps by the Islamic republic to establish a walled-off national intranet separate from the worldwide Internet.  [Read More]
19,/vinfo/us/security/news/cybercrime-and-digital-threats/attack-uses-fake-google-docs-application-to-access-gmail-accounts,Attack Uses Fake Google Docs Application to Access Gmail Accounts,A new attack targeting Gmail users involves a fake Google Docs application.
20,https://www.securityweek.com/myanmar-denies-involvement-hack-journalists-google-gmail-accounts,Myanmar Denies Involvement in Hack of Journalists' Google Gmail Accounts,The Myanmar government denies responsibility for a hack targeting both foreign and local journalists.  [Read More]
21,https://www.securityweek.com/phished-gmail-accounts-immediately-accessed-hackers,Phished Gmail Accounts Immediately Accessed by Hackers,Gmail phishing attack: cybercriminals use cleverly designed URLs and they immediately access the hacked accounts  [Read More]
22,https://www.securityweek.com/gmail-flags-unauthenticated-messages-dangerous-urls,"Gmail Flags Unauthenticated Messages, Dangerous URLs",Gmail is now alerting Android users whenever they receive a message that can’t be authenticated with either Sender Policy Framework (SPF) or DKIM.  [Read More]
23,https://www.securityweek.com/new-kedi-rat-uses-gmail-exfiltrate-data,New Kedi RAT Uses Gmail to Exfiltrate Data,Kedi RAT is a newly discovered remote access Trojan (RAT) capable of evading security scanners communicates with its command and control (C&C) server via Gmail.  [Read More]
24,https://www.securityweek.com/students-sue-google-over-gmail-account-scanning,Students Sue Google over Gmail Account Scanning,"A group of former and current students have sued Google in federal court in San Jose, California, alleging that the company scanned their Gmail accounts and gathered data for advertising purposes.  [Read More]"
25,https://www.securityweek.com/students-sue-google-over-gmail-account-scanning,Students Sue Google over Gmail Account Scanning,"A group of former and current students have sued Google in federal court in San Jose, California, alleging that the company scanned their Gmail accounts and gathered data for advertising purposes.  [Read More]"
26,https://www.securityweek.com/iran-unblocks-access-gmail,Iran Unblocks Access to Gmail,"Mohammad Reza Miri, a member of the telecommunications ministry in Iran, said a recent Gmail block was an ""involuntary"" consequence of trying to reinforce censorship of Google's YouTube video-sharing site.  [Read More]"
27,https://www.securityweek.com/iran-blocks-access-gmail,Iran Blocks Access to Gmail,Iran blocked access to Google's popular and relatively secure Gmail service Monday amid first steps by the Islamic republic to establish a walled-off national intranet separate from the worldwide Internet.  [Read More]
28,https://www.securityweek.com/google-soon-kill-sslv3-rc4-support-gmail,"Google to Soon Kill SSLv3, RC4 Support in Gmail","Starting on June 16, 2016, the old SSLv3 and RC4 security protocols will no longer be supported on Google’s SMTP servers and on Gmail’s web servers.  [Read More]"
29,/vinfo/us/security/news/cybercrime-and-digital-threats/attack-uses-fake-google-docs-application-to-access-gmail-accounts,Attack Uses Fake Google Docs Application to Access Gmail Accounts,A new attack targeting Gmail users involves a fake Google Docs application.
30,https://www.securityweek.com/myanmar-denies-involvement-hack-journalists-google-gmail-accounts,Myanmar Denies Involvement in Hack of Journalists' Google Gmail Accounts,The Myanmar government denies responsibility for a hack targeting both foreign and local journalists.  [Read More]
31,https://www.securityweek.com/phished-gmail-accounts-immediately-accessed-hackers,Phished Gmail Accounts Immediately Accessed by Hackers,Gmail phishing attack: cybercriminals use cleverly designed URLs and they immediately access the hacked accounts  [Read More]
32,https://www.securityweek.com/gmail-flags-unauthenticated-messages-dangerous-urls,"Gmail Flags Unauthenticated Messages, Dangerous URLs",Gmail is now alerting Android users whenever they receive a message that can’t be authenticated with either Sender Policy Framework (SPF) or DKIM.  [Read More]
33,https://www.securityweek.com/new-kedi-rat-uses-gmail-exfiltrate-data,New Kedi RAT Uses Gmail to Exfiltrate Data,Kedi RAT is a newly discovered remote access Trojan (RAT) capable of evading security scanners communicates with its command and control (C&C) server via Gmail.  [Read More]
34,https://www.securityweek.com/students-sue-google-over-gmail-account-scanning,Students Sue Google over Gmail Account Scanning,"A group of former and current students have sued Google in federal court in San Jose, California, alleging that the company scanned their Gmail accounts and gathered data for advertising purposes.  [Read More]"
35,https://www.securityweek.com/students-sue-google-over-gmail-account-scanning,Students Sue Google over Gmail Account Scanning,"A group of former and current students have sued Google in federal court in San Jose, California, alleging that the company scanned their Gmail accounts and gathered data for advertising purposes.  [Read More]"
36,https://www.securityweek.com/iran-unblocks-access-gmail,Iran Unblocks Access to Gmail,"Mohammad Reza Miri, a member of the telecommunications ministry in Iran, said a recent Gmail block was an ""involuntary"" consequence of trying to reinforce censorship of Google's YouTube video-sharing site.  [Read More]"
37,https://www.securityweek.com/iran-blocks-access-gmail,Iran Blocks Access to Gmail,Iran blocked access to Google's popular and relatively secure Gmail service Monday amid first steps by the Islamic republic to establish a walled-off national intranet separate from the worldwide Internet.  [Read More]
38,https://www.securityweek.com/google-soon-kill-sslv3-rc4-support-gmail,"Google to Soon Kill SSLv3, RC4 Support in Gmail","Starting on June 16, 2016, the old SSLv3 and RC4 security protocols will no longer be supported on Google’s SMTP servers and on Gmail’s web servers.  [Read More]"
39,/vinfo/us/security/news/cybercrime-and-digital-threats/attack-uses-fake-google-docs-application-to-access-gmail-accounts,Attack Uses Fake Google Docs Application to Access Gmail Accounts,A new attack targeting Gmail users involves a fake Google Docs application.
40,https://www.securityweek.com/myanmar-denies-involvement-hack-journalists-google-gmail-accounts,Myanmar Denies Involvement in Hack of Journalists' Google Gmail Accounts,The Myanmar government denies responsibility for a hack targeting both foreign and local journalists.  [Read More]
41,https://www.securityweek.com/phished-gmail-accounts-immediately-accessed-hackers,Phished Gmail Accounts Immediately Accessed by Hackers,Gmail phishing attack: cybercriminals use cleverly designed URLs and they immediately access the hacked accounts  [Read More]
42,https://www.securityweek.com/gmail-flags-unauthenticated-messages-dangerous-urls,"Gmail Flags Unauthenticated Messages, Dangerous URLs",Gmail is now alerting Android users whenever they receive a message that can’t be authenticated with either Sender Policy Framework (SPF) or DKIM.  [Read More]
43,https://www.securityweek.com/new-kedi-rat-uses-gmail-exfiltrate-data,New Kedi RAT Uses Gmail to Exfiltrate Data,Kedi RAT is a newly discovered remote access Trojan (RAT) capable of evading security scanners communicates with its command and control (C&C) server via Gmail.  [Read More]
44,https://www.securityweek.com/students-sue-google-over-gmail-account-scanning,Students Sue Google over Gmail Account Scanning,"A group of former and current students have sued Google in federal court in San Jose, California, alleging that the company scanned their Gmail accounts and gathered data for advertising purposes.  [Read More]"
45,https://www.securityweek.com/students-sue-google-over-gmail-account-scanning,Students Sue Google over Gmail Account Scanning,"A group of former and current students have sued Google in federal court in San Jose, California, alleging that the company scanned their Gmail accounts and gathered data for advertising purposes.  [Read More]"
46,https://www.securityweek.com/iran-unblocks-access-gmail,Iran Unblocks Access to Gmail,"Mohammad Reza Miri, a member of the telecommunications ministry in Iran, said a recent Gmail block was an ""involuntary"" consequence of trying to reinforce censorship of Google's YouTube video-sharing site.  [Read More]"
47,https://www.securityweek.com/iran-blocks-access-gmail,Iran Blocks Access to Gmail,Iran blocked access to Google's popular and relatively secure Gmail service Monday amid first steps by the Islamic republic to establish a walled-off national intranet separate from the worldwide Internet.  [Read More]
48,https://www.securityweek.com/google-soon-kill-sslv3-rc4-support-gmail,"Google to Soon Kill SSLv3, RC4 Support in Gmail","Starting on June 16, 2016, the old SSLv3 and RC4 security protocols will no longer be supported on Google’s SMTP servers and on Gmail’s web servers.  [Read More]"
49,/vinfo/us/security/news/cybercrime-and-digital-threats/attack-uses-fake-google-docs-application-to-access-gmail-accounts,Attack Uses Fake Google Docs Application to Access Gmail Accounts,A new attack targeting Gmail users involves a fake Google Docs application.
50,https://www.securityweek.com/myanmar-denies-involvement-hack-journalists-google-gmail-accounts,Myanmar Denies Involvement in Hack of Journalists' Google Gmail Accounts,The Myanmar government denies responsibility for a hack targeting both foreign and local journalists.  [Read More]
51,https://www.securityweek.com/phished-gmail-accounts-immediately-accessed-hackers,Phished Gmail Accounts Immediately Accessed by Hackers,Gmail phishing attack: cybercriminals use cleverly designed URLs and they immediately access the hacked accounts  [Read More]
52,https://www.securityweek.com/gmail-flags-unauthenticated-messages-dangerous-urls,"Gmail Flags Unauthenticated Messages, Dangerous URLs",Gmail is now alerting Android users whenever they receive a message that can’t be authenticated with either Sender Policy Framework (SPF) or DKIM.  [Read More]
53,https://www.securityweek.com/new-kedi-rat-uses-gmail-exfiltrate-data,New Kedi RAT Uses Gmail to Exfiltrate Data,Kedi RAT is a newly discovered remote access Trojan (RAT) capable of evading security scanners communicates with its command and control (C&C) server via Gmail.  [Read More]
54,https://www.securityweek.com/students-sue-google-over-gmail-account-scanning,Students Sue Google over Gmail Account Scanning,"A group of former and current students have sued Google in federal court in San Jose, California, alleging that the company scanned their Gmail accounts and gathered data for advertising purposes.  [Read More]"
55,https://www.securityweek.com/students-sue-google-over-gmail-account-scanning,Students Sue Google over Gmail Account Scanning,"A group of former and current students have sued Google in federal court in San Jose, California, alleging that the company scanned their Gmail accounts and gathered data for advertising purposes.  [Read More]"
56,https://www.securityweek.com/iran-unblocks-access-gmail,Iran Unblocks Access to Gmail,"Mohammad Reza Miri, a member of the telecommunications ministry in Iran, said a recent Gmail block was an ""involuntary"" consequence of trying to reinforce censorship of Google's YouTube video-sharing site.  [Read More]"
57,https://www.securityweek.com/iran-blocks-access-gmail,Iran Blocks Access to Gmail,Iran blocked access to Google's popular and relatively secure Gmail service Monday amid first steps by the Islamic republic to establish a walled-off national intranet separate from the worldwide Internet.  [Read More]
58,https://www.securityweek.com/google-soon-kill-sslv3-rc4-support-gmail,"Google to Soon Kill SSLv3, RC4 Support in Gmail","Starting on June 16, 2016, the old SSLv3 and RC4 security protocols will no longer be supported on Google’s SMTP servers and on Gmail’s web servers.  [Read More]"
59,https://www.securityweek.com/google-stops-scanning-gmail-content-ad-targeting,Google Stops Scanning Gmail Content for Ad Targeting,Google on Friday announced plans to stop scanning the content of consumer Gmail addresses for personalizing the ads it serves to users.  [Read More]
60,https://www.securityweek.com/indian-government-wakes-risk-hotmail-gmail,"Indian Government Wakes up to Risk of Hotmail, Gmail","India has begun drawing up a new email policy to help secure government communications, but the man responsible for drafting the rules still regularly uses Hotmail.  [Read More]"
61,https://www.securityweek.com/iran-blocks-access-gmail,Iran Blocks Access to Gmail,Iran blocked access to Google's popular and relatively secure Gmail service Monday amid first steps by the Islamic republic to establish a walled-off national intranet separate from the worldwide Internet.  [Read More]
62,/vinfo/us/security/news/cybercrime-and-digital-threats/attack-uses-fake-google-docs-application-to-access-gmail-accounts,Attack Uses Fake Google Docs Application to Access Gmail Accounts,A new attack targeting Gmail users involves a fake Google Docs application.
63,https://www.securityweek.com/myanmar-denies-involvement-hack-journalists-google-gmail-accounts,Myanmar Denies Involvement in Hack of Journalists' Google Gmail Accounts,The Myanmar government denies responsibility for a hack targeting both foreign and local journalists.  [Read More]
64,https://www.securityweek.com/phished-gmail-accounts-immediately-accessed-hackers,Phished Gmail Accounts Immediately Accessed by Hackers,Gmail phishing attack: cybercriminals use cleverly designed URLs and they immediately access the hacked accounts  [Read More]
65,https://www.securityweek.com/gmail-flags-unauthenticated-messages-dangerous-urls,"Gmail Flags Unauthenticated Messages, Dangerous URLs",Gmail is now alerting Android users whenever they receive a message that can’t be authenticated with either Sender Policy Framework (SPF) or DKIM.  [Read More]
66,https://www.securityweek.com/new-kedi-rat-uses-gmail-exfiltrate-data,New Kedi RAT Uses Gmail to Exfiltrate Data,Kedi RAT is a newly discovered remote access Trojan (RAT) capable of evading security scanners communicates with its command and control (C&C) server via Gmail.  [Read More]
67,https://www.securityweek.com/students-sue-google-over-gmail-account-scanning,Students Sue Google over Gmail Account Scanning,"A group of former and current students have sued Google in federal court in San Jose, California, alleging that the company scanned their Gmail accounts and gathered data for advertising purposes.  [Read More]"
68,https://www.securityweek.com/students-sue-google-over-gmail-account-scanning,Students Sue Google over Gmail Account Scanning,"A group of former and current students have sued Google in federal court in San Jose, California, alleging that the company scanned their Gmail accounts and gathered data for advertising purposes.  [Read More]"
69,https://www.securityweek.com/iran-unblocks-access-gmail,Iran Unblocks Access to Gmail,"Mohammad Reza Miri, a member of the telecommunications ministry in Iran, said a recent Gmail block was an ""involuntary"" consequence of trying to reinforce censorship of Google's YouTube video-sharing site.  [Read More]"
70,https://www.securityweek.com/iran-blocks-access-gmail,Iran Blocks Access to Gmail,Iran blocked access to Google's popular and relatively secure Gmail service Monday amid first steps by the Islamic republic to establish a walled-off national intranet separate from the worldwide Internet.  [Read More]
71,https://www.securityweek.com/google-soon-kill-sslv3-rc4-support-gmail,"Google to Soon Kill SSLv3, RC4 Support in Gmail","Starting on June 16, 2016, the old SSLv3 and RC4 security protocols will no longer be supported on Google’s SMTP servers and on Gmail’s web servers.  [Read More]"
72,https://www.securityweek.com/google-stops-scanning-gmail-content-ad-targeting,Google Stops Scanning Gmail Content for Ad Targeting,Google on Friday announced plans to stop scanning the content of consumer Gmail addresses for personalizing the ads it serves to users.  [Read More]
73,https://www.securityweek.com/indian-government-wakes-risk-hotmail-gmail,"Indian Government Wakes up to Risk of Hotmail, Gmail","India has begun drawing up a new email policy to help secure government communications, but the man responsible for drafting the rules still regularly uses Hotmail.  [Read More]"
74,https://www.securityweek.com/iran-blocks-access-gmail,Iran Blocks Access to Gmail,Iran blocked access to Google's popular and relatively secure Gmail service Monday amid first steps by the Islamic republic to establish a walled-off national intranet separate from the worldwide Internet.  [Read More]
75,/vinfo/us/security/news/cybercrime-and-digital-threats/attack-uses-fake-google-docs-application-to-access-gmail-accounts,Attack Uses Fake Google Docs Application to Access Gmail Accounts,A new attack targeting Gmail users involves a fake Google Docs application.
76,https://www.securityweek.com/myanmar-denies-involvement-hack-journalists-google-gmail-accounts,Myanmar Denies Involvement in Hack of Journalists' Google Gmail Accounts,The Myanmar government denies responsibility for a hack targeting both foreign and local journalists.  [Read More]
77,https://www.securityweek.com/phished-gmail-accounts-immediately-accessed-hackers,Phished Gmail Accounts Immediately Accessed by Hackers,Gmail phishing attack: cybercriminals use cleverly designed URLs and they immediately access the hacked accounts  [Read More]
78,https://www.securityweek.com/gmail-flags-unauthenticated-messages-dangerous-urls,"Gmail Flags Unauthenticated Messages, Dangerous URLs",Gmail is now alerting Android users whenever they receive a message that can’t be authenticated with either Sender Policy Framework (SPF) or DKIM.  [Read More]
79,https://www.securityweek.com/new-kedi-rat-uses-gmail-exfiltrate-data,New Kedi RAT Uses Gmail to Exfiltrate Data,Kedi RAT is a newly discovered remote access Trojan (RAT) capable of evading security scanners communicates with its command and control (C&C) server via Gmail.  [Read More]
80,https://www.securityweek.com/students-sue-google-over-gmail-account-scanning,Students Sue Google over Gmail Account Scanning,"A group of former and current students have sued Google in federal court in San Jose, California, alleging that the company scanned their Gmail accounts and gathered data for advertising purposes.  [Read More]"
81,https://www.securityweek.com/students-sue-google-over-gmail-account-scanning,Students Sue Google over Gmail Account Scanning,"A group of former and current students have sued Google in federal court in San Jose, California, alleging that the company scanned their Gmail accounts and gathered data for advertising purposes.  [Read More]"
82,https://www.securityweek.com/iran-unblocks-access-gmail,Iran Unblocks Access to Gmail,"Mohammad Reza Miri, a member of the telecommunications ministry in Iran, said a recent Gmail block was an ""involuntary"" consequence of trying to reinforce censorship of Google's YouTube video-sharing site.  [Read More]"
83,https://www.securityweek.com/iran-blocks-access-gmail,Iran Blocks Access to Gmail,Iran blocked access to Google's popular and relatively secure Gmail service Monday amid first steps by the Islamic republic to establish a walled-off national intranet separate from the worldwide Internet.  [Read More]
84,https://www.securityweek.com/google-soon-kill-sslv3-rc4-support-gmail,"Google to Soon Kill SSLv3, RC4 Support in Gmail","Starting on June 16, 2016, the old SSLv3 and RC4 security protocols will no longer be supported on Google’s SMTP servers and on Gmail’s web servers.  [Read More]"
85,https://www.securityweek.com/google-stops-scanning-gmail-content-ad-targeting,Google Stops Scanning Gmail Content for Ad Targeting,Google on Friday announced plans to stop scanning the content of consumer Gmail addresses for personalizing the ads it serves to users.  [Read More]
86,https://www.securityweek.com/indian-government-wakes-risk-hotmail-gmail,"Indian Government Wakes up to Risk of Hotmail, Gmail","India has begun drawing up a new email policy to help secure government communications, but the man responsible for drafting the rules still regularly uses Hotmail.  [Read More]"
87,https://www.securityweek.com/iran-blocks-access-gmail,Iran Blocks Access to Gmail,Iran blocked access to Google's popular and relatively secure Gmail service Monday amid first steps by the Islamic republic to establish a walled-off national intranet separate from the worldwide Internet.  [Read More]
88,https://www.securityweek.com/google-boosts-security-gmail-and-google-talk-oauth-20,Google Boosts Security For GMail and Google Talk With OAuth 2.0,Google announced that IMAP/SMTP and XMPP would be getting a security boost in the form of OAuth 2.0. The transition comes as the company depreciates older standards (OAuth 1.0a) on the GMail and Google Talk services.  [Read More]
89,https://www.securityweek.com/googles-dlp-gmail-adds-optical-character-recognition,Google's DLP for Gmail Adds Optical Character Recognition,"DLP for Gmail now includes Optical Character Recognition (OCR) for improved attachment scanning, a new set of predefined content detectors, and increased control over content detection thresholds.  [Read More]"
90,https://www.securityweek.com/google-launches-data-loss-prevention-dlp-gmail,Google Launches Data Loss Prevention (DLP) for Gmail,"Google this week announced Data Loss Prevention (DLP) for Gmail, designed to help Google Apps for Work customers keep their sensitive information secure.  [Read More]"
91,https://www.securityweek.com/google-soon-kill-sslv3-rc4-support-gmail,"Google to Soon Kill SSLv3, RC4 Support in Gmail","Starting on June 16, 2016, the old SSLv3 and RC4 security protocols will no longer be supported on Google’s SMTP servers and on Gmail’s web servers.  [Read More]"
92,https://www.securityweek.com/google-boosts-security-gmail-and-google-talk-oauth-20,Google Boosts Security For GMail and Google Talk With OAuth 2.0,Google announced that IMAP/SMTP and XMPP would be getting a security boost in the form of OAuth 2.0. The transition comes as the company depreciates older standards (OAuth 1.0a) on the GMail and Google Talk services.  [Read More]
93,/vinfo/us/security/news/cybercrime-and-digital-threats/attack-uses-fake-google-docs-application-to-access-gmail-accounts,Attack Uses Fake Google Docs Application to Access Gmail Accounts,A new attack targeting Gmail users involves a fake Google Docs application.
94,https://www.securityweek.com/myanmar-denies-involvement-hack-journalists-google-gmail-accounts,Myanmar Denies Involvement in Hack of Journalists' Google Gmail Accounts,The Myanmar government denies responsibility for a hack targeting both foreign and local journalists.  [Read More]
95,https://www.securityweek.com/phished-gmail-accounts-immediately-accessed-hackers,Phished Gmail Accounts Immediately Accessed by Hackers,Gmail phishing attack: cybercriminals use cleverly designed URLs and they immediately access the hacked accounts  [Read More]
96,https://www.securityweek.com/gmail-flags-unauthenticated-messages-dangerous-urls,"Gmail Flags Unauthenticated Messages, Dangerous URLs",Gmail is now alerting Android users whenever they receive a message that can’t be authenticated with either Sender Policy Framework (SPF) or DKIM.  [Read More]
97,https://www.securityweek.com/new-kedi-rat-uses-gmail-exfiltrate-data,New Kedi RAT Uses Gmail to Exfiltrate Data,Kedi RAT is a newly discovered remote access Trojan (RAT) capable of evading security scanners communicates with its command and control (C&C) server via Gmail.  [Read More]
98,https://www.securityweek.com/students-sue-google-over-gmail-account-scanning,Students Sue Google over Gmail Account Scanning,"A group of former and current students have sued Google in federal court in San Jose, California, alleging that the company scanned their Gmail accounts and gathered data for advertising purposes.  [Read More]"
99,https://www.securityweek.com/students-sue-google-over-gmail-account-scanning,Students Sue Google over Gmail Account Scanning,"A group of former and current students have sued Google in federal court in San Jose, California, alleging that the company scanned their Gmail accounts and gathered data for advertising purposes.  [Read More]"
100,https://www.securityweek.com/iran-unblocks-access-gmail,Iran Unblocks Access to Gmail,"Mohammad Reza Miri, a member of the telecommunications ministry in Iran, said a recent Gmail block was an ""involuntary"" consequence of trying to reinforce censorship of Google's YouTube video-sharing site.  [Read More]"
101,https://www.securityweek.com/iran-blocks-access-gmail,Iran Blocks Access to Gmail,Iran blocked access to Google's popular and relatively secure Gmail service Monday amid first steps by the Islamic republic to establish a walled-off national intranet separate from the worldwide Internet.  [Read More]
102,https://www.securityweek.com/google-soon-kill-sslv3-rc4-support-gmail,"Google to Soon Kill SSLv3, RC4 Support in Gmail","Starting on June 16, 2016, the old SSLv3 and RC4 security protocols will no longer be supported on Google’s SMTP servers and on Gmail’s web servers.  [Read More]"
103,https://www.securityweek.com/google-stops-scanning-gmail-content-ad-targeting,Google Stops Scanning Gmail Content for Ad Targeting,Google on Friday announced plans to stop scanning the content of consumer Gmail addresses for personalizing the ads it serves to users.  [Read More]
104,https://www.securityweek.com/indian-government-wakes-risk-hotmail-gmail,"Indian Government Wakes up to Risk of Hotmail, Gmail","India has begun drawing up a new email policy to help secure government communications, but the man responsible for drafting the rules still regularly uses Hotmail.  [Read More]"
105,https://www.securityweek.com/iran-blocks-access-gmail,Iran Blocks Access to Gmail,Iran blocked access to Google's popular and relatively secure Gmail service Monday amid first steps by the Islamic republic to establish a walled-off national intranet separate from the worldwide Internet.  [Read More]
106,https://www.securityweek.com/google-boosts-security-gmail-and-google-talk-oauth-20,Google Boosts Security For GMail and Google Talk With OAuth 2.0,Google announced that IMAP/SMTP and XMPP would be getting a security boost in the form of OAuth 2.0. The transition comes as the company depreciates older standards (OAuth 1.0a) on the GMail and Google Talk services.  [Read More]
107,https://www.securityweek.com/googles-dlp-gmail-adds-optical-character-recognition,Google's DLP for Gmail Adds Optical Character Recognition,"DLP for Gmail now includes Optical Character Recognition (OCR) for improved attachment scanning, a new set of predefined content detectors, and increased control over content detection thresholds.  [Read More]"
108,https://www.securityweek.com/google-launches-data-loss-prevention-dlp-gmail,Google Launches Data Loss Prevention (DLP) for Gmail,"Google this week announced Data Loss Prevention (DLP) for Gmail, designed to help Google Apps for Work customers keep their sensitive information secure.  [Read More]"
109,https://www.securityweek.com/google-soon-kill-sslv3-rc4-support-gmail,"Google to Soon Kill SSLv3, RC4 Support in Gmail","Starting on June 16, 2016, the old SSLv3 and RC4 security protocols will no longer be supported on Google’s SMTP servers and on Gmail’s web servers.  [Read More]"
110,https://www.securityweek.com/google-boosts-security-gmail-and-google-talk-oauth-20,Google Boosts Security For GMail and Google Talk With OAuth 2.0,Google announced that IMAP/SMTP and XMPP would be getting a security boost in the form of OAuth 2.0. The transition comes as the company depreciates older standards (OAuth 1.0a) on the GMail and Google Talk services.  [Read More]
111,/vinfo/us/security/news/cybercrime-and-digital-threats/attack-uses-fake-google-docs-application-to-access-gmail-accounts,Attack Uses Fake Google Docs Application to Access Gmail Accounts,A new attack targeting Gmail users involves a fake Google Docs application.
112,https://www.securityweek.com/myanmar-denies-involvement-hack-journalists-google-gmail-accounts,Myanmar Denies Involvement in Hack of Journalists' Google Gmail Accounts,The Myanmar government denies responsibility for a hack targeting both foreign and local journalists.  [Read More]
113,https://www.securityweek.com/phished-gmail-accounts-immediately-accessed-hackers,Phished Gmail Accounts Immediately Accessed by Hackers,Gmail phishing attack: cybercriminals use cleverly designed URLs and they immediately access the hacked accounts  [Read More]
114,https://www.securityweek.com/gmail-flags-unauthenticated-messages-dangerous-urls,"Gmail Flags Unauthenticated Messages, Dangerous URLs",Gmail is now alerting Android users whenever they receive a message that can’t be authenticated with either Sender Policy Framework (SPF) or DKIM.  [Read More]
115,https://www.securityweek.com/new-kedi-rat-uses-gmail-exfiltrate-data,New Kedi RAT Uses Gmail to Exfiltrate Data,Kedi RAT is a newly discovered remote access Trojan (RAT) capable of evading security scanners communicates with its command and control (C&C) server via Gmail.  [Read More]
116,https://www.securityweek.com/students-sue-google-over-gmail-account-scanning,Students Sue Google over Gmail Account Scanning,"A group of former and current students have sued Google in federal court in San Jose, California, alleging that the company scanned their Gmail accounts and gathered data for advertising purposes.  [Read More]"
117,https://www.securityweek.com/students-sue-google-over-gmail-account-scanning,Students Sue Google over Gmail Account Scanning,"A group of former and current students have sued Google in federal court in San Jose, California, alleging that the company scanned their Gmail accounts and gathered data for advertising purposes.  [Read More]"
118,https://www.securityweek.com/iran-unblocks-access-gmail,Iran Unblocks Access to Gmail,"Mohammad Reza Miri, a member of the telecommunications ministry in Iran, said a recent Gmail block was an ""involuntary"" consequence of trying to reinforce censorship of Google's YouTube video-sharing site.  [Read More]"
119,https://www.securityweek.com/iran-blocks-access-gmail,Iran Blocks Access to Gmail,Iran blocked access to Google's popular and relatively secure Gmail service Monday amid first steps by the Islamic republic to establish a walled-off national intranet separate from the worldwide Internet.  [Read More]
120,https://www.securityweek.com/google-soon-kill-sslv3-rc4-support-gmail,"Google to Soon Kill SSLv3, RC4 Support in Gmail","Starting on June 16, 2016, the old SSLv3 and RC4 security protocols will no longer be supported on Google’s SMTP servers and on Gmail’s web servers.  [Read More]"
121,https://www.securityweek.com/google-stops-scanning-gmail-content-ad-targeting,Google Stops Scanning Gmail Content for Ad Targeting,Google on Friday announced plans to stop scanning the content of consumer Gmail addresses for personalizing the ads it serves to users.  [Read More]
122,https://www.securityweek.com/indian-government-wakes-risk-hotmail-gmail,"Indian Government Wakes up to Risk of Hotmail, Gmail","India has begun drawing up a new email policy to help secure government communications, but the man responsible for drafting the rules still regularly uses Hotmail.  [Read More]"
123,https://www.securityweek.com/iran-blocks-access-gmail,Iran Blocks Access to Gmail,Iran blocked access to Google's popular and relatively secure Gmail service Monday amid first steps by the Islamic republic to establish a walled-off national intranet separate from the worldwide Internet.  [Read More]
124,https://www.securityweek.com/google-boosts-security-gmail-and-google-talk-oauth-20,Google Boosts Security For GMail and Google Talk With OAuth 2.0,Google announced that IMAP/SMTP and XMPP would be getting a security boost in the form of OAuth 2.0. The transition comes as the company depreciates older standards (OAuth 1.0a) on the GMail and Google Talk services.  [Read More]
125,https://www.securityweek.com/googles-dlp-gmail-adds-optical-character-recognition,Google's DLP for Gmail Adds Optical Character Recognition,"DLP for Gmail now includes Optical Character Recognition (OCR) for improved attachment scanning, a new set of predefined content detectors, and increased control over content detection thresholds.  [Read More]"
126,https://www.securityweek.com/google-launches-data-loss-prevention-dlp-gmail,Google Launches Data Loss Prevention (DLP) for Gmail,"Google this week announced Data Loss Prevention (DLP) for Gmail, designed to help Google Apps for Work customers keep their sensitive information secure.  [Read More]"
127,https://www.securityweek.com/google-soon-kill-sslv3-rc4-support-gmail,"Google to Soon Kill SSLv3, RC4 Support in Gmail","Starting on June 16, 2016, the old SSLv3 and RC4 security protocols will no longer be supported on Google’s SMTP servers and on Gmail’s web servers.  [Read More]"
128,https://www.securityweek.com/google-boosts-security-gmail-and-google-talk-oauth-20,Google Boosts Security For GMail and Google Talk With OAuth 2.0,Google announced that IMAP/SMTP and XMPP would be getting a security boost in the form of OAuth 2.0. The transition comes as the company depreciates older standards (OAuth 1.0a) on the GMail and Google Talk services.  [Read More]
129,https://www.securityweek.com/gmail-drops-support-chrome-windows-xp-and-vista,Gmail Drops Support for Chrome on Windows XP and Vista,"Gmail will soon drop support for Chrome version 53 and below, a move expected to hit Windows XP and Vista users the most.  [Read More]"
130,https://www.securityweek.com/google-gmail-app-ios-doesnt-perform-certificate-pinning-researchers,Google Gmail App for iOS Doesn't Perform Certificate Pinning: Researchers,Researchers at Lacoon Mobile Security discuss an issue impacting the Gmail application for iOS they believe could help an attacker launching man-in-the-middle attacks.  [Read More]
131,https://www.securityweek.com/google-rolls-out-business-focused-security-enhancements-gmail,Google Rolls Out Business-Focused Security Enhancements for Gmail,Google today announced a series of improvements to Gmail’s security aimed at making the service better at protecting business data.  [Read More]
132,https://www.securityweek.com/gmail-delivers-spoofed-messages-without-warning-researchers-find,"Gmail Delivers Spoofed Messages Without Warning, Researchers Find","Spoofed emails could easily land in user’s Gmail inboxes without even warning them of suspicious activity, security researchers have discovered.  [Read More]"
133,https://www.securityweek.com/gmail-block-javascript-file-attachments,Gmail to Block JavaScript File Attachments,Google announced that JavaScript (.js) file attachments will be blocked by Gmail starting with February 13 for security reasons  [Read More]
134,https://www.securityweek.com/phished-gmail-accounts-immediately-accessed-hackers,Phished Gmail Accounts Immediately Accessed by Hackers,Gmail phishing attack: cybercriminals use cleverly designed URLs and they immediately access the hacked accounts  [Read More]
135,https://www.securityweek.com/google-enhances-security-alerts-gmail,Google Enhances Security Alerts in Gmail,"Google is boosting the security of its Gmail service in an effort to keep them protected from phishing attacks, malware, and other threats.  [Read More]"
136,https://www.securityweek.com/gmail-warn-when-messages-take-unencrypted-routes,Gmail to Warn When Messages Take Unencrypted Routes,Google plans to ramp up security for Gmail by letting users know when messages arrive via unencrypted connections that could be prone to snooping or tampering.  [Read More]
137,https://www.securityweek.com/gmail-blocking-suspicious-addresses-containing-non-latin-characters,Gmail Blocking Suspicious Addresses Containing Non-Latin Characters,"Google has updated Gmail spam filters to block out emails coming from addresses using suspicious combinations of Latin and non-Latin characters, the company said on Tuesday.  [Read More]"
138,https://www.securityweek.com/google-boosts-security-gmail-infrastructure,Google Boosts Security of Gmail Infrastructure,Google announced that its Gmail service would use added encryption to protect against eavesdropping and keep messages secure.  [Read More]
139,https://www.securityweek.com/indian-government-wakes-risk-hotmail-gmail,"Indian Government Wakes up to Risk of Hotmail, Gmail","India has begun drawing up a new email policy to help secure government communications, but the man responsible for drafting the rules still regularly uses Hotmail.  [Read More]"
140,https://www.securityweek.com/undisclosed-glitch-disrupts-gmail-two-hours,Undisclosed Glitch Disrupts Gmail for Two Hours,Google suffered disruptions on several of its cloud-based services including Gmail for about two hours Wednesday for reasons that were not disclosed.  [Read More]
141,https://www.securityweek.com/google-reports-huge-drop-hacked-gmail-accounts,Google Reports Huge Drop in Hacked Gmail Accounts,"In a blog post on the company’s war against scams and spam, Google announced on Tuesday that they’ve worked-up a method that is stopping nearly all of the attacks aimed at Gmail account holders.  [Read More]"
142,https://www.securityweek.com/iran-unblocks-access-gmail,Iran Unblocks Access to Gmail,"Mohammad Reza Miri, a member of the telecommunications ministry in Iran, said a recent Gmail block was an ""involuntary"" consequence of trying to reinforce censorship of Google's YouTube video-sharing site.  [Read More]"
143,https://www.securityweek.com/gmail-block-javascript-file-attachments,Gmail to Block JavaScript File Attachments,Google announced that JavaScript (.js) file attachments will be blocked by Gmail starting with February 13 for security reasons  [Read More]
